id,number,location,start-page,end-page
1,1,0,1,1
2,2,0,14,14
3,3,0,18,18
4,4,0,21,21
5,5,0,22,22
6,6,0,27,27
7,7,0,28,28
8,8,0,30,30
9,9,0,36,36
10,10,0,38,38
11,11,0,39,39
12,12,0,41,41
13,13,0,44,44
14,14,0,47,47
15,15,0,49,49
16,16,0,49,49
17,17,0,50,50
18,18,0,50,50
19,19,0,50,50
20,20,0,51,51
21,21,0,51,51
22,22,0,51,51
23,23,0,51,51
24,24,0,64,64
25,25,0,64,64
26,26,0,64,64
27,27,0,81,81
28,28,0,82,82
29,29,0,84,84
30,30,0,85,85
31,31,0,87,87
32,32,0,88,88
33,33,0,90,90
34,34,0,90,90
35,35,0,93,93
36,36,0,93,93
37,37,0,94,94
38,38,0,95,95
39,39,0,97,97
40,40,0,97,97
41,41,0,98,98
42,42,0,98,98
43,43,0,99,99
44,44,0,100,100
45,44,1,102,102
46,45,0,103,103
47,46,0,103,103
48,47,0,105,105
49,48,0,106,106
50,49,0,107,107
51,50,0,108,108
52,51,0,110,110
53,52,0,111,111
54,53,0,113,113
55,54,0,114,114
56,55,0,115,115
57,56,0,116,116
58,57,0,116,116
59,58,0,117,117
60,59,0,118,118
61,60,0,119,119
62,61,0,120,120
63,62,0,120,120
64,63,0,121,121
65,64,0,122,122
66,65,0,124,124
67,66,0,125,125
68,67,0,126,126
69,68,0,127,127
70,69,0,127,127
71,70,0,133,133
72,71,0,135,135
73,72,0,136,136
74,73,0,137,137
75,74,0,139,139
76,75,0,140,140
77,76,0,141,141
78,76,1,142,142
79,77,0,143,143
80,78,0,144,144
81,79,0,145,145
82,80,0,146,146
83,81,0,147,147
84,82,0,148,148
85,83,0,149,149
86,84,0,150,150
87,85,0,151,151
88,86,0,152,152
89,86,1,153,153
90,87,0,153,153
91,88,0,153,153
92,89,0,155,155
93,90,0,156,156
94,91,0,156,156
95,92,0,157,157
96,93,0,159,159
97,94,0,160,160
98,95,0,161,161
99,96,0,162,162
100,97,0,163,163
101,98,0,164,164
102,99,0,164,164
103,100,0,165,165
104,101,0,166,166
105,102,0,167,167
106,103,0,169,169
107,104,0,170,170
108,105,0,171,171
109,106,0,172,172
110,107,0,173,173
111,107,1,173,173
112,107,1,173,173
113,107,1,173,173
114,107,1,174,174
115,107,1,174,174
116,107,1,174,174
117,107,1,175,175
118,107,1,175,175
119,107,1,176,176
120,108,0,177,177
121,109,0,178,178
122,110,0,180,180
123,111,0,182,182
124,112,0,183,183
125,112,1,185,185
126,112,1,185,185
127,112,1,185,185
128,112,1,185,185
129,113,0,186,186
130,114,0,187,187
131,115,0,188,188
132,116,0,190,190
133,117,0,192,192
134,118,0,193,193
135,118,1,193,193
136,118,1,194,194
137,118,1,194,194
138,118,1,194,194
139,119,0,195,195
140,119,1,195,195
141,120,0,196,196
142,121,0,198,198
143,122,0,199,199
144,123,0,201,201
145,123,1,202,202
146,123,1,203,203
147,123,1,203,203
148,124,0,203,203
149,125,0,204,204
150,126,0,204,204
151,127,0,205,205
152,128,0,206,206
153,129,0,208,208
154,129,1,209,209
155,130,0,210,210
156,131,0,211,211
157,132,0,211,211
158,133,0,212,212
159,134,0,213,213
160,134,1,217,217
161,134,1,217,217
162,134,1,217,218
163,134,1,218,218
164,134,1,218,218
165,134,1,219,219
166,134,1,219,219
167,134,1,219,219
168,134,1,219,219
169,134,1,219,220
170,134,1,220,220
171,135,0,221,221
172,136,0,223,223
173,137,0,225,225
174,138,0,228,228
175,139,0,228,228
176,140,0,229,229
177,141,0,230,230
178,142,0,231,231
179,143,0,232,232
180,144,0,232,232
181,145,0,232,232
182,146,0,233,233
183,147,0,234,234
